start_station_name,trip_count,latitude,longitude
Aberdeen St & Jackson Blvd,6939,41.87772613,-87.65478743
Ada St & Washington Blvd,5718,41.88283,-87.661206
Adler Planetarium,14640,41.866095,-87.60726700000002
Ashland Ave & 13th St,1012,41.865234,-87.666507
Ashland Ave & 21st St,583,41.85381,-87.665897
Ashland Ave & Augusta Blvd,3921,41.899643,-87.6677
Ashland Ave & Belle Plaine Ave,2233,41.956057,-87.668835
Ashland Ave & Blackhawk St,4794,41.907066,-87.667252
Ashland Ave & Chicago Ave,4460,41.895966,-87.66774699999998
Ashland Ave & Division St,10357,41.90345,-87.66774699999998
Ashland Ave & Grace St,4289,41.950687,-87.6687
Ashland Ave & Grand Ave,3049,41.891072,-87.666611
Ashland Ave & Wellington Ave,3226,41.936083,-87.66980699999998
Ashland Ave & Wrightwood Ave,3331,41.92883,-87.66850699999998
Bissell St & Armitage Ave,8840,41.91844,-87.65222
Blackstone Ave & Hyde Park Blvd,2294,41.802562,-87.59036800000001
Blue Island Ave & 18th St,3917,41.857556,-87.661535
Broadway & Argyle St,2902,41.973815,-87.65966
Broadway & Barry Ave,9208,41.937725,-87.644095
Broadway & Belmont Ave,8451,41.940106,-87.645451
Broadway & Berwyn Ave,4921,41.97835300000001,-87.65975300000002
Broadway & Cornelia Ave,9144,41.945529,-87.646439
Broadway & Sheridan Rd,4592,41.952833,-87.64999300000002
Broadway & Wilson Ave,3104,41.965221,-87.658139
California Ave & 21st St,585,41.854016,-87.69544499999998
California Ave & Division St,3074,41.903029,-87.697474
California Ave & Francis Pl,3561,41.918121,-87.696972
California Ave & Milwaukee Ave,7322,41.922695,-87.697153
California Ave & North Ave,3072,41.91044,-87.6972
Calumet Ave & 18th St,8663,41.857611,-87.619407
Calumet Ave & 33rd St,1134,41.8349,-87.61793
Calumet Ave & 35th St,489,41.831379,-87.618034
Campbell Ave & North Ave,3328,41.910535,-87.68955600000002
Canal St & Adams St,30165,41.879255,-87.639904
Canal St & Harrison St,3478,41.874255,-87.639573
Canal St & Jackson Blvd,19008,41.877245,-87.63936600000002
Canal St & Madison St,30277,41.882091,-87.639833
Cannon Dr & Fullerton Ave,8623,41.926755988000004,-87.634428785
Carpenter St & Huron St,4564,41.894556,-87.653449
Cityfront Plaza Dr & Pioneer Ct,6391,41.890573,-87.622072
Claremont Ave & Hirsch St,1520,41.907781,-87.685854
Clarendon Ave & Gordon Ter,4813,41.957879,-87.649519
Clarendon Ave & Junior Ter,5776,41.961004,-87.649603
Clarendon Ave & Leland Ave,3524,41.967968,-87.650001
Clark St & Armitage Ave,16476,41.918306,-87.636282
Clark St & Chicago Ave,9480,41.89675,-87.63089000000002
Clark St & Elm St,21395,41.902973,-87.63128
Clark St & Grace St,4229,41.95078,-87.659172
Clark St & Leland Ave,3412,41.96709600000001,-87.667429
Clark St & Lincoln Ave,15884,41.915689,-87.6346
Clark St & Montrose Ave,3741,41.961588,-87.666036
Clark St & North Ave,11296,41.911974,-87.63194200000002
Clark St & Randolph St,16104,41.884576228,-87.63188991
Clark St & Schiller St,13418,41.907993,-87.631501
Clark St & Wellington Ave,10144,41.936496821999995,-87.64753865799999
Clark St & Wrightwood Ave,12247,41.929546,-87.643118
Clifton Ave & Armitage Ave,6551,41.918216,-87.656936
Clinton St & 18th St,1950,41.85795,-87.640826
Clinton St & Lake St,16600,41.885637,-87.641823
Clinton St & Madison St,19411,41.882242,-87.64106600000002
Clinton St & Roosevelt Rd,6751,41.867117783000005,-87.64108795899998
Clinton St & Tilden St,5187,41.875885,-87.640795
Clinton St & Washington Blvd,37755,41.88338,-87.64116999999997
Clybourn Ave & Division St,4917,41.904613,-87.640552
Columbus Dr & Randolph St,26797,41.884728,-87.61952099999998
Cottage Grove Ave & 43rd St,460,41.816499,-87.60658199999997
Cottage Grove Ave & 47th St,289,41.809855,-87.606755
Cottage Grove Ave & 51st St,331,41.803038,-87.606615
Cottage Grove Ave & Oakwood Blvd,1279,41.822985,-87.6071
Daley Center Plaza,19584,41.884241,-87.629634
Damen Ave & Charleston St,3991,41.920082,-87.67785500000002
Damen Ave & Chicago Ave,8985,41.895769,-87.67721999999998
Damen Ave & Clybourn Ave,1403,41.931931,-87.677856
Damen Ave & Cortland St,6406,41.915983,-87.677335
Damen Ave & Coulter St,294,41.8492,-87.67564
Damen Ave & Cullerton St,1362,41.855048,-87.675726
Damen Ave & Division St,9210,41.903266,-87.678435
Damen Ave & Grand Ave,4567,41.89122,-87.67685999999998
Damen Ave & Leland Ave,3404,41.967094,-87.679028
Damen Ave & Madison St,2033,41.88137,-87.67493
Damen Ave & Melrose Ave,3051,41.9406,-87.6785
Damen Ave & Pierce Ave,14243,41.909396007,-87.67769192899998
Damen Ave & Sunnyside Ave,2457,41.96325,-87.67925799999998
Damen Ave & Wellington Ave,3389,41.93588,-87.67841999999997
Dayton St & North Ave,8811,41.910578035,-87.649421929
Dearborn Pkwy & Delaware Pl,15147,41.898969,-87.629912
Dearborn St & Adams St,19100,41.879356359,-87.629791036
Dearborn St & Monroe St,20298,41.881319815,-87.629520919
Desplaines St & Kinzie St,14529,41.888716036,-87.64444785299999
Eckhart Park,4466,41.89637337,-87.66098386
Ellis Ave & 58th St,3373,41.788746,-87.601334
Emerald Ave & 28th St,1826,41.84358,-87.645368
Emerald Ave & 31st St,2119,41.838198,-87.645143
Fairbanks Ct & Grand Ave,15164,41.89186,-87.62062
Fort Dearborn Dr & 31st St,10223,41.838556,-87.60821800000002
Franklin St & Chicago Ave,13305,41.896776,-87.635633
Franklin St & Jackson Blvd,18018,41.877707956,-87.635321141
Franklin St & Lake St,14042,41.885837,-87.6355
Franklin St & Quincy St,13549,41.878724,-87.634793
Green St & Randolph St,8810,41.883668,-87.64867
Greenview Ave & Diversey Pkwy,3021,41.932595,-87.665939
Greenview Ave & Fullerton Ave,4207,41.92533,-87.6658
Greenwood Ave & 47th St,1158,41.809835,-87.59938299999997
Halsted St & 18th St,2642,41.857499,-87.646277
Halsted St & 21st St,1271,41.85378,-87.64665
Halsted St & 37th St,403,41.82705900000001,-87.64572
Halsted St & Archer Ave,2303,41.847203,-87.646795
Halsted St & Dickens Ave,6575,41.919936,-87.64883
Halsted St & Maxwell St,4476,41.864883,-87.647071
Halsted St & Polk St,5498,41.87184,-87.64664
Halsted St & Roscoe St,8630,41.94367,-87.64895
Halsted St & Willow St,5199,41.913865,-87.64875500000002
Halsted St & Wrightwood Ave,7501,41.929143,-87.649077
Hermitage Ave & Polk St,4614,41.87151400000001,-87.669886
Indiana Ave & 26th St,1201,41.845687,-87.62248100000002
Indiana Ave & 31st St,1905,41.838842,-87.62185699999998
Indiana Ave & 40th St,311,41.82168,-87.6216
Indiana Ave & Roosevelt Rd,18834,41.867888,-87.623041
Jefferson St & Monroe St,10241,41.880422,-87.642746
Kedzie Ave & Milwaukee Ave,6875,41.929567,-87.70785699999998
Kedzie Ave & Palmer Ct,3965,41.921525,-87.70732199999998
Kimbark Ave & 53rd St,2169,41.799568,-87.594747
Kingsbury St & Erie St,13643,41.893626,-87.641527
LaSalle St & Illinois St,17464,41.890762,-87.631697
LaSalle St & Jackson Blvd,20466,41.878166,-87.631929
LaSalle St & Washington St,12650,41.882664,-87.63253
Lake Park Ave & 47th St,2573,41.809443,-87.591875
Lake Park Ave & 56th St,2981,41.793242,-87.58778199999998
Lake Shore Dr & Belmont Ave,12684,41.940775,-87.63919200000002
Lake Shore Dr & Diversey Pkwy,8459,41.932588,-87.636427
Lake Shore Dr & Monroe St,41326,41.880958,-87.616743
Lake Shore Dr & North Blvd,29208,41.911722,-87.626804
Lake Shore Dr & Ohio St,17387,41.89257,-87.614492
Lake Shore Dr & Wellington Ave,9945,41.936669,-87.636794
Lakeview Ave & Fullerton Pkwy,12129,41.92585800000001,-87.638973
Larrabee St & Armitage Ave,5322,41.918084,-87.643749
Larrabee St & Kingsbury St,17336,41.897764,-87.642884
Larrabee St & Menomonee St,4283,41.91468,-87.64331999999997
Larrabee St & North Ave,3414,41.91021,-87.6435
Larrabee St & Webster Ave,10556,41.921822,-87.64414000000002
Leavitt St & Armitage Ave,4050,41.917805,-87.682437
Leavitt St & Lawrence Ave,1832,41.968885,-87.684001
Leavitt St & North Ave,4163,41.910153,-87.68229000000002
Lincoln Ave & Addison St,2200,41.946176,-87.67330799999998
Lincoln Ave & Belle Plaine Ave,3894,41.955927,-87.679259
Lincoln Ave & Belmont Ave,4941,41.939365,-87.668385
Lincoln Ave & Diversey Pkwy,7035,41.932225,-87.658617
Lincoln Ave & Fullerton Ave,7707,41.925905,-87.64926
Lincoln Ave & Roscoe St,6911,41.94334,-87.67097
Lincoln Ave & Waveland Ave,3919,41.948797,-87.675278
Logan Blvd & Elston Ave,3479,41.929465,-87.684158
Loomis St & Jackson Blvd,3349,41.877945,-87.66200699999997
Loomis St & Lexington St,4832,41.872187,-87.661501
MLK Jr Dr & 29th St,1975,41.842052,-87.617
MLK Jr Dr & 47th St,207,41.809851,-87.616279
Marshfield Ave & Cortland St,10630,41.916017,-87.668879
May St & Cullerton St,812,41.855136,-87.654127
May St & Taylor St,5270,41.8694821,-87.6554864
McClurg Ct & Illinois St,22377,41.890359,-87.617532
McCormick Place,5779,41.851375173,-87.618834649
Michigan Ave & 14th St,7135,41.86405900000001,-87.623727
Michigan Ave & 18th St,8836,41.857813,-87.62455
Michigan Ave & Jackson Blvd,18598,41.87785,-87.62408
Michigan Ave & Lake St,20916,41.886024,-87.624117
Michigan Ave & Madison St,12033,41.882134,-87.625125
Michigan Ave & Oak St,34668,41.90096039,-87.62377664
Michigan Ave & Pearson St,16176,41.89766,-87.62351
Michigan Ave & Washington St,22129,41.88355,-87.62418000000002
Mies van der Rohe Way & Chicago Ave,15441,41.89691,-87.62174300000002
Millennium Park,32075,41.8810317,-87.62408432
Milwaukee Ave & Rockwell St,2421,41.920195,-87.693033
Milwaukee Ave & Wabansia Ave,4972,41.912616,-87.681391
Montrose Harbor,11004,41.963982,-87.638181
Morgan Ave & 14th Pl,3875,41.862378,-87.651062
Morgan St & 18th St,3217,41.858086,-87.651073
Morgan St & 31st St,1579,41.8378,-87.65114
Morgan St & Lake St,7389,41.885483308000005,-87.652304856
Morgan St & Polk St,7732,41.871737,-87.65103
Noble St & Milwaukee Ave,6861,41.90068,-87.6626
Normal Ave & Archer Ave,1079,41.849527,-87.640591
Ogden Ave & Chicago Ave,6474,41.896362458,-87.654061273
Ogden Ave & Congress Pkwy,2660,41.87501,-87.67328
Ogden Ave & Race Ave,5270,41.891795,-87.658751
Orleans St & Merchandise Mart Plaza,18349,41.888243,-87.63639
Paulina St & 18th St,3275,41.857901,-87.668745
Paulina St & Montrose Ave,1869,41.961507,-87.671387
Peoria St & Jackson Blvd,12980,41.877749,-87.649633
Pine Grove Ave & Irving Park Rd,9754,41.954383,-87.648043
Pine Grove Ave & Waveland Ave,9929,41.949275,-87.646303
Prairie Ave & Garfield Blvd,1007,41.794853,-87.618691
Racine Ave & 13th St,773,41.865054,-87.656959
Racine Ave & 15th St,2313,41.861267,-87.656625
Racine Ave & 18th St,1848,41.858166,-87.65649499999998
Racine Ave & Belmont Ave,6590,41.939743,-87.658865
Racine Ave & Congress Pkwy,3851,41.87464,-87.65703
Racine Ave & Fullerton Ave,5498,41.92556258,-87.65840426
Racine Ave & Wrightwood Ave,4060,41.928887,-87.658971
Ravenswood Ave & Berteau Ave,3076,41.957921,-87.673567
Ravenswood Ave & Irving Park Rd,3436,41.95469,-87.67393
Ravenswood Ave & Lawrence Ave,4659,41.96909,-87.674237
Rhodes Ave & 32nd St,2141,41.836208,-87.61353299999998
Sedgwick St & Huron St,7153,41.894666,-87.638437
Sedgwick St & North Ave,8915,41.911386,-87.638677
Sedgwick St & Schiller St,2239,41.907626,-87.638566
Sedgwick St & Webster Ave,12196,41.922167,-87.638888
Seeley Ave & Roscoe St,3501,41.943403,-87.679618
Sheffield Ave & Fullerton Ave,11601,41.925601881999995,-87.653708042
Sheffield Ave & Kingsbury St,8136,41.910522,-87.65310600000002
Sheffield Ave & Webster Ave,7910,41.92154,-87.653818
Sheffield Ave & Wellington Ave,10661,41.936266,-87.652662
Sheffield Ave & Willow St,6603,41.913688,-87.652855
Sheffield Ave & Wrightwood Ave,7397,41.928712,-87.65383299999998
Sheridan Rd & Buena Ave,4838,41.958494,-87.654966
Sheridan Rd & Irving Park Rd,11090,41.954245,-87.65440600000002
Sheridan Rd & Lawrence Ave,2175,41.969517,-87.654691
Sheridan Rd & Montrose Ave,6521,41.96167,-87.65464
Southport Ave & Belmont Ave,5484,41.93949,-87.66378
Southport Ave & Clark St,2533,41.957081,-87.664199
Southport Ave & Clybourn Ave,5968,41.920771,-87.663712
Southport Ave & Irving Park Rd,4493,41.954177,-87.664358
Southport Ave & Roscoe St,10385,41.943739,-87.66402
Southport Ave & Waveland Ave,8077,41.94815,-87.66394
Southport Ave & Wellington Ave,9269,41.935733,-87.663576
Southport Ave & Wrightwood Ave,6780,41.928773,-87.663913
State St & 19th St,2900,41.856594,-87.627542
State St & 29th St,602,41.841707,-87.626938
State St & 33rd St,2892,41.83473400000001,-87.625813
State St & 35th St,1789,41.8309,-87.62803000000002
State St & Harrison St,8815,41.874053,-87.627716
State St & Kinzie St,18986,41.889187,-87.62775400000002
State St & Pearson St,7490,41.897448,-87.628722
State St & Randolph St,14128,41.884730200999996,-87.627733569
State St & Van Buren St,12013,41.877181,-87.627844
Stave St & Armitage Ave,1777,41.917741,-87.69139200000002
Stetson Ave & South Water St,12233,41.886835,-87.62232
Stockton Dr & Wrightwood Ave,7060,41.93132,-87.63874200000002
Theater on the Lake,38667,41.926277,-87.630834
Wabash Ave & Cermak Rd,3005,41.852619,-87.626488
Wabash Ave & Grand Ave,19904,41.891466,-87.626761
Wabash Ave & Roosevelt Rd,16141,41.867227,-87.625961
Wabash Ave & Wacker Pl,6703,41.886875,-87.62603
Wells St & 19th St,1378,41.856802,-87.63387900000002
Wells St & Concord Ln,19474,41.912133,-87.634656
Wells St & Evergreen Ave,11409,41.906724,-87.63483000000002
Wells St & Hubbard St,13165,41.889906,-87.634266
Wells St & Polk St,7444,41.872596,-87.63350200000002
Wells St & Walton St,7869,41.89993001,-87.63443007
Wentworth Ave & 24th St,1331,41.849237,-87.631715
Western Ave & 21st St,1083,41.854109,-87.685838
Western Ave & 24th St,498,41.84847,-87.685109
Western Ave & Division St,4109,41.902893,-87.687275
Western Ave & Leland Ave,3867,41.966555,-87.688487
Western Ave & Winnebago Ave,5085,41.91552,-87.687022
Wilton Ave & Belmont Ave,14785,41.94018,-87.65304
Wilton Ave & Diversey Pkwy,8842,41.932418,-87.65270500000003
Wolcott Ave & Polk St,5407,41.871262,-87.673688
Wood St & Milwaukee Ave,8709,41.907655,-87.672552
Wood St & Taylor St,3946,41.869154,-87.67104499999998
Woodlawn Ave & 55th St,2268,41.795264,-87.596471
10th & Monroe St NE,2328,38.93251400000001,-76.992889
10th & U St NW,16737,38.9172,-77.0259
10th St & Constitution Ave NW,16500,38.893028,-77.026013
11th & F St NW,22,38.897857,-77.026975
11th & H St NE,214,38.899983,-76.991383
11th & Kenyon St NW,13364,38.929464,-77.027822
11th & M St NW,1,38.905607,-77.027137
12th & Newton St NE,1008,38.933668,-76.991016
13th & D St NE,10550,38.894832,-76.987633
13th & H St NE,11004,38.900022,-76.988422
13th St & New York Ave NW,14534,38.900283,-77.029822
14th & D St NW / Ronald Reagan Building,9493,38.894514,-77.031617
14th & G St NW,13678,38.898409,-77.032278
14th & Harvard St NW,17507,38.9268,-77.0322
14th & R St NW,16001,38.912681,-77.032523
14th & Rhode Island Ave NW,23871,38.9086,-77.0323
14th & V St NW,25222,38.917931,-77.032112
14th St & New York Ave NW,10950,38.899632,-77.031686
14th St & Spring Rd NW,7349,38.9375,-77.0328
14th St Heights / 14th & Crittenden St NW,2281,38.947774,-77.032818
15th & P St NW,32884,38.90985,-77.034438
15th St & Massachusetts Ave SE,47,38.88732,-76.98356899999997
16th & Harvard St NW,18322,38.926088,-77.036536
17th & Corcoran St NW,28160,38.9121,-77.0387
17th & K St NW,15777,38.90276,-77.03863
17th & K St NW / Farragut Square,10359,38.902061,-77.038322
18th & M St NW,17373,38.905067,-77.041779
18th St & Pennsylvania Ave NW,637,38.89968,-77.041539
19th & E Street NW,6879,38.8952,-77.0436
19th & East Capitol St SE,3044,38.8896,-76.9769
19th & L St NW,13265,38.903407,-77.043648
19th St & Constitution Ave NW,14674,38.8923,-77.0436
19th St & Pennsylvania Ave NW,14118,38.9003,-77.0429
1st & M St NE,12906,38.9057,-77.0056
1st & N St  SE,2785,38.8743,-77.0057
1st & Rhode Island Ave NW,438,38.915417,-77.012289
20th & E St NW,12973,38.8963,-77.045
20th St & Florida Ave NW,23971,38.9154,-77.0446
21st & I St NW,23574,38.9008,-77.047
21st & M St NW,17764,38.90534,-77.046774
21st St & Constitution Ave NW,87,38.892459,-77.04656700000002
25th St & Pennsylvania Ave NW,19125,38.903827,-77.053485
3000 Connecticut Ave NW / National Zoo,99,38.930282,-77.055599
34th St & Wisconsin Ave NW,5164,38.916442,-77.0682
36th & Calvert St NW / Glover Park,4898,38.922581,-77.070334
37th & O St NW / Georgetown University,8654,38.90774,-77.071652
3rd & D St SE,13066,38.8851,-77.0023
3rd & G St SE,329,38.881185,-77.001828
3rd & H St NE,11661,38.900412,-77.001949
3rd & H St NW,12535,38.899408,-77.015289
4th & D St NW / Judiciary Square,3471,38.895344,-77.01610600000002
4th & E St SW,372,38.88412,-77.017445
4th & East Capitol St NE,12975,38.889955,-77.000349
4th & M St SW,10913,38.8767,-77.0178
4th & W St NE,1454,38.919077,-77.000648
5th & F St NW,14942,38.897222,-77.019347
5th & K St NW,18066,38.90304,-77.01902700000002
6th & H St NE,248,38.899972,-76.998347
7th & F St NW / National Portrait Gallery,15739,38.897312,-77.022325
7th & R St NW / Shaw Library,587,38.912719,-77.022155
7th & T St NW,10453,38.9155,-77.0222
8th & Eye St SE / Barracks Row,5051,38.8792,-76.9953
8th & H St NW,22762,38.8997,-77.02308599999998
9th & Upshur St NW,160,38.9418,-77.0251
Adams Mill & Columbia Rd NW,29964,38.922925,-77.04258100000001
Anacostia Library,403,38.86578400000001,-76.9784
Anacostia Metro,603,38.862669,-76.994637
Benning Branch Library,99,38.894,-76.947974
Benning Rd & East Capitol St NE / Benning Rd Metro,5,38.889935,-76.93723
Bladensburg Rd & Benning Rd NE,3693,38.900413,-76.982872
Branch & Pennsylvania Ave SE,50,38.8692,-76.9599
C & O Canal & Wisconsin Ave NW,16646,38.90375,-77.06269
California St & Florida Ave NW,390,38.917761,-77.04061999999998
Calvert & Biltmore St NW,19613,38.923203,-77.047637
Clarendon Blvd & N Fillmore St,66,38.8881,-77.09308
Clarendon Blvd & Pierce St,1766,38.893438,-77.076389
Clarendon Metro / Wilson Blvd & N Highland St,114,38.88786,-77.094875
Columbia Rd & Belmont St NW,1234,38.920669,-77.04368000000002
Columbia Rd & Georgia Ave NW,208,38.928121,-77.02379499999998
Columbus Circle / Union Station,32058,38.89696,-77.00493
Congress Heights Metro,4,38.844711,-76.98782299999998
Connecticut Ave & Newark St NW / Cleveland Park,7378,38.934267,-77.057979
Convention Center / 7th & M St NW,14329,38.905737,-77.02226999999998
Eads St & 15th St S,1171,38.858971,-77.05323
Eastern Market / 7th & North Carolina Ave SE,11966,38.886952,-76.996806
Eastern Market Metro / Pennsylvania Ave & 7th St SE,23002,38.884,-76.995397
Eckington Pl & Q St NE,3233,38.910972,-77.00495
Fairfax Village,70,38.86559000000001,-76.95210300000002
Florida Ave & R St NW,11919,38.9126,-77.0135
Georgetown Harbor / 30th St NW,11416,38.902221,-77.059219
Georgia & New Hampshire Ave NW,10045,38.936043,-77.024649
Georgia Ave and Fairmont St NW,5385,38.9249,-77.0222
Good Hope & Naylor Rd SE,185,38.860227,-76.966572
Good Hope Rd & MLK Ave SE,487,38.867373,-76.988039
Harvard St & Adams Mill Rd NW,3265,38.927872,-77.043358
John McCormack Dr & Michigan Ave NE,1278,38.9346,-76.9955
Kennedy Center,3264,38.897293,-77.05556999999997
L'Enfant Plaza / 7th & C St SW,16253,38.886266,-77.02224100000002
Lamont & Mt Pleasant NW,15587,38.9319,-77.0388
M St & New Jersey Ave SE,10680,38.8763,-77.0037
M St & Pennsylvania Ave NW,154,38.905126,-77.056887
Maine Ave & 7th St SW,5581,38.878694,-77.023054
Massachusetts Ave & Dupont Circle NW,49093,38.9101,-77.0444
Metro Center / 12th & G St NW,13594,38.898364,-77.027869
Minnesota Ave Metro/DOES,191,38.897063,-76.947446
Nannie Helen Burroughs & Minnesota Ave NE,1,38.901385,-76.941877
New Hampshire Ave & T St NW,24074,38.91554,-77.03818000000003
New York Ave & 15th St NW,16833,38.899032,-77.033354
North Capitol St & F St NW,16852,38.897446,-77.009888
Park Rd & Holmead Pl NW,18172,38.9308,-77.0315
Pennsylvania & Minnesota Ave SE,332,38.873057,-76.97101500000002
Potomac & Pennsylvania Ave SE,7945,38.8803,-76.9862
Potomac Ave & 35th St S,1,38.844015,-77.050537
Randle Circle & Minnesota Ave SE,65,38.878,-76.9607
Rhode Island & Connecticut Ave NW,982,38.905996,-77.03980200000002
Rosslyn Metro / Wilson Blvd & Ft Myer Dr,3082,38.8946,-77.072305
Tenleytown / Wisconsin Ave & Albemarle St NW,7349,38.947607,-77.079382
Thomas Circle,1706,38.9059,-77.0325
US Dept of State / Virginia Ave & 21st St NW,10214,38.894919,-77.046587
Van Ness Metro / UDC,5812,38.944551,-77.063896
Ward Circle / American University,4482,38.938736,-77.087171
Wilson Blvd & N Edgewood St,150,38.889,-77.0925
Wilson Blvd & N Uhle St,311,38.891696,-77.0846
Wisconsin Ave & Newark St NW,7568,38.934881,-77.072755
1 Ave & E 18 St,23822,40.733812191963615,-73.9805442094803
1 Ave & E 30 St,33802,40.741443870002435,-73.97536082000211
1 Ave & E 44 St,19237,40.75001986000126,-73.96905301000206
11 Ave & W 27 St,30793,40.75139600000266,-74.00522600000122
11 Ave & W 41 St,27141,40.76030095999907,-73.99884221999731
11 Ave & W 59 St,21841,40.77149671054304,-73.99046033620834
12 Ave & W 40 St,37894,40.760875020001286,-74.00277667999788
2 Ave & E 31 St,49981,40.74290902000124,-73.97706057999375
3 Ave & Schermerhorn St,3691,40.68683207999936,-73.979677199999
5 Ave & E 29 St,33800,40.74516770000235,-73.98683077000199
6 Ave & Canal St,20582,40.722437969999454,-74.00566443000234
6 Ave & W 33 St,39610,40.74901271000219,-73.98848394999459
8 Ave & W 31 St,100498,40.75058534702816,-73.9946848154068
8 Ave & W 33 St,58711,40.75155099999617,-73.99393400000649
8 Ave & W 52 St,29839,40.76370738999781,-73.98516149999557
9 Ave & W 22 St,41360,40.745497299998725,-74.00197139000414
9 Ave & W 45 St,35266,40.760192520000466,-73.99125510000147
Adelphi St & Myrtle Ave,9828,40.69308256999885,-73.97178912999934
Allen St & Hester St,31166,40.71605865999755,-73.9919075900025
Allen St & Rivington St,34018,40.72019576000112,-73.98997824999971
Atlantic Ave & Furman St,9953,40.69165182999981,-73.9999785999998
Avenue D & E 12 St,5052,40.72580613999945,-73.97422494000048
Avenue D & E 3 St,12250,40.72082834000094,-73.97793172000075
Avenue D & E 8 St,8795,40.72368360999893,-73.97574812999946
Bank St & Hudson St,26691,40.73652888999894,-74.00618025999901
Bank St & Washington St,21157,40.73619670000164,-74.00859206999681
Barclay St & Church St,36504,40.712912239998154,-74.01020233999809
Barrow St & Hudson St,41242,40.731724280002325,-74.00674435999841
Bayard St & Baxter St,24267,40.71602117999865,-73.99974372000234
Bialystoker Pl & Delancey St,12410,40.7162264400007,-73.98261206000022
Broad St & Bridge St,10086,40.7036518200001,-74.01167796999846
Broadway & Battery Pl,22922,40.704633340000576,-74.0136170600015
Broadway & Berry St,6939,40.71044553999911,-73.96525063000037
Broadway & E 14 St,65852,40.73454567000521,-73.99074142000896
Broadway & E 22 St,60932,40.74034320000556,-73.98955108999598
Broadway & W 29 St,32879,40.74620090000083,-73.9885572300046
Broadway & W 32 St,38305,40.74854862000153,-73.98808415999875
Broadway & W 36 St,24560,40.750977110001024,-73.98765428000277
Broadway & W 37 St,22971,40.7517263199992,-73.98753523000046
Broadway & W 41 St,43369,40.75513557000161,-73.98658031999517
Broadway & W 49 St,33279,40.760683270966744,-73.98452728986742
Broadway & W 51 St,26226,40.76228825999835,-73.98336183000285
Broadway & W 53 St,21942,40.76344058000125,-73.98268129000247
Broadway & W 60 St,56115,40.7691550499964,-73.98191840999469
Bus Slip & State St,13050,40.70190699999993,-74.01394199999956
Cadman Plaza E & Red Cross Pl,5968,40.69991755000033,-73.98971773000076
Cadman Plaza West & Montague St,8576,40.69382999999841,-73.9905390000019
Canal St & Rutgers St,30332,40.714274869999095,-73.9899002499955
Carlton Ave & Park Ave,2988,40.695807050000354,-73.97355568999981
Carmine St & 6 Ave,52596,40.73038598999863,-74.00214987999544
Catherine St & Monroe St,13610,40.7111744400012,-73.99682619000279
Central Park S & 6 Ave,32894,40.765909359997025,-73.97634150999619
Centre St & Chambers St,42485,40.71273266000136,-74.00460730000424
Centre St & Worth St,19714,40.714948070000574,-74.00234481999934
Cherry St,12352,40.71219905999958,-73.9794814799987
Christopher St & Greenwich St,55320,40.73291553000101,-74.00711383999958
Clark St & Henry St,12046,40.69760127000207,-73.9934455899958
Clermont Ave & Lafayette Ave,5292,40.68764483999986,-73.96968901999945
Clermont Ave & Park Ave,4137,40.69573397999951,-73.97129667999981
Cleveland Pl & Spring St,60092,40.722103786684414,-73.99724900722505
Cliff St & Fulton St,23684,40.70831794366465,-74.0050408244133
Clinton Ave & Flushing Ave,4427,40.69794000000001,-73.96986847999959
Clinton Ave & Myrtle Ave,13420,40.69326100000032,-73.96889600000169
Clinton St & Grand St,18730,40.71559509000196,-73.98702949999401
Clinton St & Joralemon St,8109,40.69239501999983,-73.99337908999922
Columbia Heights & Cranberry St,5459,40.70037867000022,-73.99548059000044
Columbia St & Rivington St,12474,40.717399729999315,-73.98016555000162
Concord St & Bridge St,4456,40.69766564000016,-73.98476437000046
Cumberland St & Lafayette Ave,8219,40.68753406000104,-73.97265183000094
DeKalb Ave & Hudson Ave,12403,40.68988800000067,-73.98101299999797
DeKalb Ave & S Portland Ave,6833,40.68981034999956,-73.97493121000113
DeKalb Ave & Skillman St,3548,40.69064950000023,-73.95643107000052
DeKalb Ave & Vanderbilt Ave,7775,40.68940747000061,-73.96885458000143
Dean St & 4 Ave,11396,40.683124889999455,-73.97895136999828
Division St & Bowery,19385,40.714130890001584,-73.99704680000035
Duane St & Greenwich St,16349,40.71748751999985,-74.01045539999932
Duffield St & Willoughby St,6683,40.692215889999964,-73.98428439999972
E 10 St & 5 Ave,29195,40.733319669999375,-73.99510132000151
E 10 St & Avenue A,41006,40.72740793999662,-73.981420059999
E 11 St & 1 Ave,31408,40.72953836999755,-73.98426726000413
E 11 St & 2 Ave,39065,40.73047309000256,-73.98672377999745
E 11 St & Broadway,24295,40.732617870000894,-73.99158042999912
E 12 St & 3 Ave,37538,40.73223271999921,-73.98889956999508
E 13 St & Avenue A,33827,40.729667293927115,-73.98067966103555
E 15 St & 3 Ave,29743,40.73423200000176,-73.98692299999627
E 16 St & 5 Ave,38808,40.73726186000104,-73.99238966999657
E 16 St & Irving Pl,26953,40.73536705560429,-73.98797392845155
E 17 St & Broadway,80166,40.737049840004666,-73.99009296000803
E 19 St & 3 Ave,28236,40.736245270002506,-73.98473764999711
E 2 St & 2 Ave,26716,40.72502876000247,-73.99069656000127
E 2 St & Avenue B,27309,40.722174440001005,-73.98368778999678
E 2 St & Avenue C,17947,40.72087360000125,-73.98085794999821
E 20 St & 2 Ave,36533,40.73587678000245,-73.98205026999494
E 20 St & FDR Drive,24989,40.733142590001826,-73.97573880999747
E 20 St & Park Ave,25845,40.73827427999742,-73.98751967999866
E 23 St & 1 Ave,34105,40.73650200000092,-73.9780947199965
E 24 St & Park Ave S,32234,40.74096374000135,-73.98602213000291
E 25 St & 1 Ave,23608,40.738176500001614,-73.97738662000208
E 25 St & 2 Ave,30684,40.73912601000002,-73.97973776000195
E 27 St & 1 Ave,21060,40.73944499999932,-73.97680599999941
E 30 St & Park Ave S,33585,40.74444920999956,-73.98303529000194
E 31 St & 3 Ave,34601,40.74394313999878,-73.97966069000357
E 32 St & Park Ave,43561,40.745712100002144,-73.98194828999995
E 33 St & 1 Ave,15768,40.74322681431917,-73.97449783980845
E 33 St & 5 Ave,28387,40.74765946999857,-73.98490707000019
E 39 St & 2 Ave,38635,40.747803730001046,-73.97344189999444
E 39 St & 3 Ave,34484,40.748900599999146,-73.97604882000306
E 4 St & 2 Ave,31359,40.726280699997226,-73.98978040999617
E 41 St & Madison Ave,18684,40.752165280620396,-73.97992193698882
E 45 St & 3 Ave,20444,40.752554339998454,-73.97282625000054
E 47 St & 1 Ave,11847,40.752068620000365,-73.96784384000048
E 47 St & 2 Ave,18887,40.75323098000071,-73.97032516999819
E 47 St & Park Ave,29563,40.755102669996795,-73.97498696000422
E 48 St & 3 Ave,21674,40.754601102599175,-73.97187885499812
E 5 St & Avenue C,15943,40.7229920800004,-73.97995465999803
E 51 St & 1 Ave,13281,40.75455730999968,-73.96592976000078
E 51 St & Lexington Ave,19074,40.75714758000053,-73.97207836000266
E 52 St & 2 Ave,14969,40.756013999999034,-73.96741599999956
E 53 St & Madison Ave,14987,40.75971080000031,-73.97402311000042
E 55 St & 2 Ave,14393,40.757973220000274,-73.9660330799998
E 55 St & Lexington Ave,12750,40.75968085000061,-73.9703136600001
E 58 St & 3 Ave,33254,40.76095756000273,-73.96724466999889
E 6 St & Avenue B,26373,40.72453733999863,-73.98185424000192
E 6 St & Avenue D,12169,40.72228087000091,-73.97668709000145
E 7 St & Avenue A,35633,40.726217880000924,-73.98379855000006
E 9 St & Avenue C,26059,40.72521310999917,-73.97768752000226
Emerson Pl & Myrtle Ave,5132,40.69363136999959,-73.96223558000051
FDR Drive & E 35 St,24600,40.74421900000015,-73.97121213999681
Forsyth St & Broome St,30521,40.718939040001466,-73.99266287999572
Forsyth St & Canal St,20096,40.715815500002016,-73.99422366000293
Franklin Ave & Myrtle Ave,2883,40.69454608724608,-73.95801365375519
Franklin St & W Broadway,19944,40.71911551999958,-74.00666661000179
Front St & Gold St,5537,40.702239999999755,-73.98257800000015
Front St & Maiden Ln,16110,40.70530953999925,-74.00612571999956
Front St & Washington St,14721,40.70255087999977,-73.9894023600023
Fulton St & Clermont Ave,4184,40.684157479999755,-73.96922272999986
Fulton St & Grand Ave,5787,40.682231660000184,-73.96145830000022
Fulton St & Rockwell Pl,6683,40.688225999999396,-73.97938199999949
Fulton St & Waverly Ave,7825,40.68323865460367,-73.96599590778352
Fulton St & William St,20018,40.70955957999894,-74.00653609000139
Grand Army Plaza & Central Park S,42058,40.764397100003016,-73.97371464999782
Grand St & Greene St,22778,40.72165480999836,-74.00234736999869
Grand St & Havemeyer St,6570,40.71286844000063,-73.95698119000006
Great Jones St,40917,40.727434229999254,-73.99379025000081
Greenwich Ave & Charles St,28529,40.73523799999853,-74.0002709999978
Hancock St & Bedford Ave,3691,40.68216564000028,-73.95399026000061
Harrison St & Hudson St,12625,40.71870987000072,-74.00900089999912
Henry St & Atlantic Ave,10752,40.690892719998935,-73.99612348999777
Henry St & Grand St,21476,40.714214999999975,-73.98134599999658
Henry St & Poplar St,6399,40.70046899999965,-73.99145400000066
Hicks St & Montague St,12090,40.695128450001064,-73.9959506500015
Howard St & Centre St,26087,40.71910536999873,-73.99973337000105
Hudson St & Reade St,19336,40.71625007999895,-74.00910589999782
Jay St & Tech Pl,11440,40.69506499999989,-73.9871669999994
John St & William St,17809,40.70862143999935,-74.00722155999924
Johnson St & Gold St,8807,40.694748810000576,-73.98362464000053
Kent Ave & S 11 St,4921,40.70764494417636,-73.96841526031494
LaGuardia Pl & W 3 St,36971,40.72917024999755,-73.99810230999775
Lafayette Ave & Classon Ave,4549,40.68900443000079,-73.96023853999951
Lafayette Ave & Fort Greene Pl,7925,40.686918650000024,-73.97668199999995
Lafayette Ave & St James Pl,4432,40.68851533999988,-73.96476280000003
Lafayette St & E 8 St,86692,40.730206605301326,-73.99102628231049
Lafayette St & Jersey St,44081,40.72430527250667,-73.99600982666016
Laight St & Hudson St,7617,40.72185379000047,-74.00771779000014
Lawrence St & Willoughby St,13521,40.69236177999901,-73.98631746000196
Lefferts Pl & Franklin Ave,5234,40.68034242299985,-73.9557689391997
Leonard St & Church St,13746,40.71757100000063,-74.00554899999855
Lexington Ave & Classon Ave,4005,40.68676793000022,-73.95928167999959
Liberty St & Broadway,27897,40.70905623,-74.01043381999851
Lispenard St & Broadway,22545,40.719392259999275,-74.0024721399988
Little West St & 1 Pl,21491,40.70569254000026,-74.01677684999973
MacDougal St & Prince St,41063,40.727102580000064,-74.00297088000524
MacDougal St & Washington Sq,24349,40.73226397999833,-73.99852204999834
Macon St & Nostrand Ave,2790,40.6809833853993,-73.9500479759007
Madison St & Clinton St,12891,40.71269041999962,-73.98776323000062
Madison St & Montgomery St,13185,40.71312600000019,-73.98484400000028
Maiden Ln & Pearl St,19392,40.707064560000696,-74.0073185299992
Market St & Cherry St,9844,40.71076228000065,-73.99400397999888
Mercer St & Bleecker St,41561,40.727063633483965,-73.99662137031554
Mercer St & Spring St,24990,40.723627379999535,-73.9994960099998
Metropolitan Ave & Bedford Ave,17176,40.71534824999981,-73.96024116000362
Monroe St & Bedford Ave,4550,40.6851443000004,-73.95380904000017
Monroe St & Classon Ave,2195,40.68456829999956,-73.95881080999975
Mott St & Prince St,38552,40.72317958000239,-73.99480012000217
Murray St & West St,18576,40.71497870000115,-74.01301199999881
Myrtle Ave & St Edwards St,3330,40.69327017999976,-73.97703873999936
Nassau St & Navy St,3944,40.69839895000032,-73.98068914000028
Norfolk St & Broome St,18993,40.71722739999998,-73.98802084000191
Old Fulton St,13106,40.70277158999973,-73.99383605000007
Old Slip & Front St,12213,40.703799199999814,-74.00838675999903
Park Ave & St Edwards St,1815,40.696089410000006,-73.97803415000044
Park Pl & Church St,18624,40.71334184275929,-74.00935515761375
Pearl St & Anchorage Pl,9339,40.70281858000066,-73.9876576199988
Pearl St & Hanover Square,18285,40.704717699999144,-74.00926027000135
Perry St & Bleecker St,22529,40.73535398000076,-74.00483090999843
Pershing Square North,29476,40.751873000001,-73.97770599998793
Pershing Square South,10702,40.75158099999837,-73.97790999999789
Pike St & E Broadway,18306,40.71406666999976,-73.99293911000113
Pike St & Monroe St,10520,40.71173106999976,-73.99193042999867
Pitt St & Stanton St,6758,40.71926081000021,-73.98178023999951
Railroad Ave & Kay Ave,843,40.70531194,-73.97100056
Reade St & Broadway,18880,40.71450450999871,-74.00562789000084
Rivington St & Chrystie St,20759,40.72110062999897,-73.99192539999862
Rivington St & Ridge St,15325,40.7185021100008,-73.98329858999941
S 3 St & Bedford Ave,7193,40.71260485999915,-73.96264403000076
S 4 St & Wythe Ave,7591,40.71285886999978,-73.96590294000272
S Portland Ave & Hanson Pl,5438,40.68539566999976,-73.97431458000041
South End Ave & Liberty St,45461,40.711511999998606,-74.01575600000237
South St & Gouverneur Ln,21048,40.7035537699995,-74.00670226999809
South St & Whitehall St,17011,40.701221279999146,-74.01234218000015
St James Pl & Oliver St,15256,40.71307915999943,-73.99851192999978
St James Pl & Pearl St,9771,40.71117415999932,-74.00016545000065
St Marks Pl & 1 Ave,27898,40.727791259997524,-73.98564945000481
St Marks Pl & 2 Ave,39263,40.728418600002406,-73.98713955999763
Stanton St & Chrystie St,26442,40.72229345999955,-73.99147534999899
Stanton St & Mangin St,12366,40.71782143000017,-73.97628938999942
State St & Smith St,15101,40.689269419999654,-73.98912867000033
Suffolk St & Stanton St,31539,40.72066442000123,-73.98517977000188
Sullivan St & Washington Sq,31332,40.730477470001404,-73.99906065000424
University Pl & E 14 St,60072,40.734926950001295,-73.99200508999677
Vesey Pl & River Terrace,53028,40.715337899997934,-74.01658354000213
W 11 St & 6 Ave,12105,40.73532427000082,-73.99800419000252
W 13 St & 7 Ave,29627,40.73781509000106,-73.99994661000436
W 15 St & 7 Ave,35120,40.73935541999875,-73.9993178299992
W 16 St & The High Line,33057,40.7433493499994,-74.0068175299973
W 18 St & 6 Ave,52215,40.73971300999984,-73.99456404999513
W 20 St & 11 Ave,39644,40.746745000000615,-74.00775600000081
W 20 St & 7 Ave,34972,40.74238787000253,-73.99726234999919
W 20 St & 8 Ave,27642,40.74345335000147,-74.00004030999861
W 21 St & 6 Ave,73448,40.74173969000591,-73.99415555999224
W 22 St & 10 Ave,46677,40.74691959000175,-74.00451887000193
W 22 St & 8 Ave,35740,40.744751480000524,-73.99915362000387
W 24 St & 7 Ave,45252,40.744876340001895,-73.99529885000081
W 25 St & 6 Ave,36867,40.74395411000149,-73.9914487100027
W 26 St & 10 Ave,28788,40.74971775300122,-74.00295034600096
W 26 St & 8 Ave,37331,40.747348250003036,-73.99723551000304
W 27 St & 7 Ave,39632,40.74664700000209,-73.99391499999912
W 31 St & 7 Ave,53178,40.74915600000327,-73.99160000000425
W 33 St & 7 Ave,42631,40.750199950000884,-73.99093084999869
W 34 St & 11 Ave,16087,40.7559415900012,-74.00211630000138
W 37 St & 10 Ave,29436,40.756603589998754,-73.99790089999678
W 37 St & 5 Ave,24359,40.750380090001016,-73.98338988000259
W 38 St & 8 Ave,49223,40.75466591000256,-73.99138151999821
W 4 St & 7 Ave S,42952,40.734011430001495,-74.00293876999753
W 41 St & 8 Ave,51922,40.756405480001824,-73.99002620000017
W 42 St & 8 Ave,29570,40.757569900000746,-73.9909850700038
W 43 St & 10 Ave,30771,40.760094369998605,-73.99461843000377
W 43 St & 6 Ave,4794,40.755273069998175,-73.98316935999912
W 44 St & 5 Ave,23798,40.75500253999881,-73.98014436999856
W 45 St & 6 Ave,30450,40.75680010000224,-73.9829115299998
W 45 St & 8 Ave,25438,40.75929123999961,-73.98859650999708
W 46 St & 11 Ave,22067,40.76341379000107,-73.99667443999954
W 47 St & 10 Ave,22440,40.76269882000189,-73.99301221999738
W 49 St & 8 Ave,33575,40.762272049996646,-73.98788204999492
W 52 St & 11 Ave,24667,40.7672721600001,-73.99392887999723
W 52 St & 5 Ave,17939,40.75992261999762,-73.9764851600026
W 53 St & 10 Ave,21487,40.76669670999856,-73.99061728000113
W 54 St & 9 Ave,13939,40.765849410001785,-73.98690505999923
W 56 St & 10 Ave,17437,40.76825400000006,-73.98863900000127
W 59 St & 10 Ave,22385,40.77051300000076,-73.98803799999891
Washington Ave & Greene Ave,4077,40.68650065000028,-73.96563307000119
Washington Ave & Park Ave,7134,40.69610226000057,-73.96751036999933
Washington Park,6377,40.69178230000029,-73.9737298999991
Washington Pl & 6 Ave,23205,40.73224118999997,-74.00026394000098
Washington Pl & Broadway,28057,40.72903916999813,-73.99404648999919
Washington St & Gansevoort St,32874,40.739323000001335,-74.0081190000033
Water - Whitehall Plaza,12682,40.702550649999615,-74.01272340000081
Watts St & Greenwich St,23011,40.72405549000043,-74.0096596499978
West St & Chambers St,63221,40.717548340002715,-74.01322068999465
West Thames St,29342,40.70834697999938,-74.01713444999841
William St & Pine St,17031,40.70717935999912,-74.00887308000145
Willoughby Ave & Hall St,7357,40.69196034999931,-73.96536850999978
Willoughby Ave & Walworth St,4936,40.69331715999984,-73.95381994999951
Willoughby St & Fleet St,8216,40.69196565999932,-73.9813017999988
Wythe Ave & Metropolitan Ave,15214,40.716887000000895,-73.96319799999844
